filename,width,height,class,xmin,ymin,xmax,ymax
google-image(0325).jpeg,440,586,person,229,1,432,562
20180813_102910901.jpg,1080,1920,knife,275,411,793,982
20180813_102218789.jpg,1080,1920,knife,466,361,712,1525
google-image(0061).jpeg,600,440,person,85,2,246,440
google-image(0061).jpeg,600,440,person,378,8,546,424
images (54).jpg,179,282,person,41,8,137,282
google-image(0310).jpeg,600,457,person,178,27,276,428
google-image(0317).jpeg,520,737,person,57,10,289,737
20180813_141921329.jpg,1080,1920,knife,465,443,658,1354
20180813_142255932.jpg,1080,1920,knife,272,775,958,1407
20180813_102638294.jpg,1080,1920,knife,137,722,966,861
20180813_101930422.jpg,1080,1920,knife,430,139,662,1475
google-image(0259).jpeg,640,853,person,266,150,537,853
google-image(0208).jpeg,535,415,person,49,26,231,415
google-image(0208).jpeg,535,415,person,313,14,497,415
20180813_103009996.jpg,1080,1920,knife,404,364,575,1225
20180813_102224262.jpg,1080,1920,knife,516,632,627,1114
20180813_102655199.jpg,1080,1920,knife,330,614,995,1136
google-image(0279).jpeg,720,960,person,299,74,666,949
20180813_102805527.jpg,1080,1920,knife,512,479,687,1350
google-image(0174).jpeg,500,750,person,35,30,443,749
20180813_142249660.jpg,1080,1920,knife,286,718,883,1193
20180813_102655081.jpg,1080,1920,knife,337,632,984,1139
20180813_142249428.jpg,1080,1920,knife,290,775,879,1200
20180813_142020805.jpg,1080,1920,knife,536,364,761,1147
google-image(0272).jpeg,350,525,person,60,17,275,524
20180813_102805482.jpg,1080,1920,knife,523,489,702,1350
google-image(0385).jpeg,588,433,person,72,75,196,433
google-image(0385).jpeg,588,433,person,402,89,508,433
20180813_103017299.jpg,1080,1920,knife,425,632,536,1104
20180813_102732002.jpg,1080,1920,knife,209,936,791,1043
google-image(0543).jpeg,656,429,person,98,3,288,429
google-image(0543).jpeg,656,429,person,343,10,612,429
google-image(0495).jpeg,656,1053,person,158,47,433,974
google-image(0135).jpeg,600,424,person,67,6,479,424
20180813_102805461.jpg,1080,1920,knife,527,486,709,1350
google-image(0100).jpeg,555,768,person,84,5,482,758
google-image(0091).jpeg,200,200,person,58,1,104,197
google-image(0091).jpeg,200,200,person,103,9,155,199
20180813_102205925.jpg,1080,1920,knife,466,486,616,1339
google-image(0090).jpeg,540,720,person,163,4,419,720
20180813_102205826.jpg,1080,1920,knife,409,468,595,1375
20180813_142405166.jpg,1080,1920,knife,197,457,797,1157
20180813_101916661.jpg,1080,1920,knife,402,254,673,1572
images (11).jpg,181,278,person,27,12,147,278
google-image(0014).jpeg,500,694,person,189,127,338,668
20180813_102539755.jpg,1080,1920,knife,448,747,791,811
20180813_142405060.jpg,1080,1920,knife,215,482,804,1150
google-image(0036).jpeg,580,770,person,167,7,402,770
20180813_102948848.jpg,1080,1920,knife,418,236,600,1447
google-image(0242).png,529,340,person,77,12,410,340
google-image(0328).jpeg,411,620,person,115,67,258,611
google-image(0312).jpeg,383,600,person,125,7,381,600
images (16).jpg,253,200,person,17,4,103,189
images (16).jpg,253,200,person,164,38,225,187
google-image(0344).jpeg,550,825,person,157,8,466,779
20180813_102742550.jpg,1080,1920,knife,259,736,766,1107
20180813_142041669.jpg,1080,1920,knife,465,357,590,857
google-image(0438).jpeg,683,971,person,170,30,351,535
images (66).jpg,225,225,person,75,4,166,221
images (81).jpg,182,277,person,46,10,126,260
20180813_102539922.jpg,1080,1920,knife,416,754,798,822
google-image(0338).jpeg,640,472,person,12,3,131,463
google-image(0338).jpeg,640,472,person,128,12,269,469
google-image(0338).jpeg,640,472,person,328,5,454,472
google-image(0338).jpeg,640,472,person,460,10,589,472
images (95).jpg,194,259,person,71,99,136,253
google-image(0316).jpeg,453,402,person,284,14,409,394
20180813_142142731.jpg,1080,1920,knife,475,457,604,1143
images (79).jpg,194,259,person,36,26,97,251
20180813_142414061.jpg,1080,1920,knife,372,400,486,925
google-image(0463).jpeg,234,234,person,74,3,160,228
20180813_102218822.jpg,1080,1920,knife,484,379,702,1536
20180813_102130500.jpg,1080,1920,knife,412,197,659,1393
google-image(0394).jpeg,500,729,person,183,167,313,627
20180813_102805628.jpg,1080,1920,knife,527,447,698,1361
images (88).jpg,179,282,person,78,3,166,282
20180813_142430019.jpg,1920,1080,knife,713,94,899,791
20180813_102135657.jpg,1080,1920,knife,480,597,612,1129
20180813_102659042.jpg,1080,1920,knife,377,636,855,725
20180813_142301023.jpg,1080,1920,knife,286,997,800,1150
20180813_103009964.jpg,1080,1920,knife,386,375,608,1236
google-image(0202).jpeg,608,435,person,141,4,281,377
20180813_142026811.jpg,1080,1920,knife,536,389,736,1150
20180813_101916565.jpg,1080,1920,knife,391,257,670,1564
google-image(0192).jpeg,450,600,person,149,40,299,599
google-image(0103).jpeg,375,500,person,132,4,322,470
20180813_103010162.jpg,1080,1920,knife,422,357,611,1229
20180813_102539888.jpg,1080,1920,knife,445,743,780,832
20180813_142104878.jpg,1080,1920,knife,497,425,633,1054
20180813_102655051.jpg,1080,1920,knife,341,611,987,1136
images (15).jpg,262,193,person,189,14,240,190
images (15).jpg,262,193,person,55,5,111,184
images (15).jpg,262,193,person,134,1,184,193
images (15).jpg,262,193,person,6,4,50,186
google-image(0406).jpeg,350,525,person,76,35,304,512
20180813_102054365.jpg,1080,1920,knife,420,350,727,1757
images (75).jpg,168,300,person,46,10,129,291
20180813_142222212.jpg,1080,1920,knife,222,504,836,954
20180813_142414093.jpg,1080,1920,knife,386,422,475,947
google-image(0255).jpeg,366,550,person,90,19,254,547
images (39).jpg,189,267,person,65,54,130,261
google-image(0150).jpeg,640,959,person,104,32,469,938
google-image(0485).jpeg,703,1024,person,33,68,405,989
images (80).jpg,173,291,person,40,40,127,278
20180813_102906290.jpg,1080,1920,knife,140,757,850,900
images (29).jpg,191,264,person,28,19,88,258
images (29).jpg,191,264,person,92,19,158,256
20180813_102910800.jpg,1080,1920,knife,286,407,804,943
google-image(0026).jpeg,401,640,person,82,31,347,627
20180813_102658912.jpg,1080,1920,knife,395,618,862,732
google-image(0180).jpeg,533,800,person,89,3,400,799
20180813_102224461.jpg,1080,1920,knife,530,639,641,1114
20180813_142020772.jpg,1080,1920,knife,554,368,768,1157
images (58).jpg,201,251,person,51,43,132,249
20180813_102054163.jpg,1080,1920,knife,395,368,745,1757
20180813_102003281.jpg,1920,1080,knife,740,77,925,1048
images (20).jpg,183,275,person,42,21,140,271
20180813_142104974.jpg,1080,1920,knife,497,429,629,1068
20180813_102924026.jpg,1080,1920,knife,168,661,950,897
google-image(0125).jpeg,200,201,person,87,3,150,201
google-image(0225).jpeg,409,728,person,105,57,296,728
google-image(0205).jpeg,350,525,person,65,23,267,502
images (45).jpg,183,276,person,45,2,138,271
20180813_102805593.jpg,1080,1920,knife,487,475,680,1332
google-image(0326).jpeg,1000,600,person,130,51,336,600
20180813_141921129.jpg,1080,1920,knife,454,447,661,1364
20180813_102915491.jpg,1080,1920,knife,100,497,922,1147
20180813_102506606.jpg,1080,1920,knife,220,829,859,957
google-image(0472).jpeg,575,984,person,78,21,518,975
20180813_142041502.jpg,1080,1920,knife,472,379,633,864
20180813_102742733.jpg,1080,1920,knife,273,775,752,1125
google-image(0261).jpeg,820,582,person,85,39,693,559
20180813_102533998.jpg,1080,1920,knife,337,861,841,939
google-image(0179).jpeg,568,800,person,145,40,424,755
20180813_102747025.jpg,1080,1920,knife,427,661,609,1304
google-image(0347).jpeg,500,726,person,129,129,299,601
20180813_142413979.jpg,1080,1920,knife,372,397,497,922
20180813_102818341.jpg,1080,1920,knife,402,468,627,1311
20180813_102549289.jpg,1080,1920,knife,484,722,784,779
google-image(0049).jpeg,635,395,person,380,6,540,395
20180813_102135594.jpg,1080,1920,knife,466,614,641,1132
20180813_102747059.jpg,1080,1920,knife,420,700,612,1279
20180813_102906374.jpg,1080,1920,knife,136,772,829,897
google-image(0311).jpeg,1366,1366,person,426,20,983,1366
google-image(0020).jpeg,500,763,person,83,61,364,721
20180813_102658882.jpg,1080,1920,knife,412,614,880,725
20180813_142429949.jpg,1080,1920,knife,265,675,968,879
20180813_142222146.jpg,1080,1920,knife,233,493,800,936
20180813_142301102.jpg,1080,1920,knife,297,1004,800,1157
20180813_142429885.jpg,1080,1920,knife,272,743,993,875
google-image(0040).jpeg,600,454,person,86,5,217,453
google-image(0040).jpeg,600,454,person,377,1,511,454
google-image(0553).jpeg,600,451,person,157,2,458,447
images (76).jpg,174,290,person,36,18,124,278
20180813_103021594.jpg,1080,1920,knife,354,797,822,886
20180813_102747091.jpg,1080,1920,knife,430,672,612,1293
20180813_102818554.jpg,1080,1920,knife,422,514,636,1339
20180813_102747161.jpg,1080,1920,knife,434,675,598,1286
20180813_102016246.jpg,1080,1920,knife,452,300,655,1386
20180813_103017316.jpg,1080,1920,knife,411,639,547,1118
20180813_102622204.jpg,1080,1920,knife,52,750,1037,900
google-image(0380).jpeg,200,200,person,78,23,125,160
20180813_103010062.jpg,1080,1920,knife,429,354,579,1232
google-image(0151).jpeg,670,1022,person,62,36,510,1022
google-image(0107).jpeg,570,713,person,154,15,423,662
google-image(0464).jpeg,724,1024,person,107,7,594,1013
images (71).jpg,226,223,person,77,36,143,220
20180813_142105063.jpg,1080,1920,knife,504,404,643,1068
20180813_103031908.jpg,1080,1920,knife,247,632,911,872
20180813_102111690.jpg,1080,1920,knife,534,554,666,1125
google-image(0448).jpeg,656,820,person,125,89,521,820
20180813_142020672.jpg,1080,1920,knife,536,364,772,1193
google-image(0137).jpeg,800,421,person,177,5,317,414
google-image(0137).jpeg,800,421,person,419,56,547,417
google-image(0137).jpeg,800,421,person,656,95,794,400
google-image(0419).jpeg,682,1023,person,183,19,509,954
20180813_142249493.jpg,1080,1920,knife,297,775,883,1207
20180813_102747193.jpg,1080,1920,knife,455,679,580,1293
images (82).jpg,169,299,person,49,3,154,290
images (8).jpg,183,275,person,58,29,136,264
images (94).jpg,183,275,person,55,37,154,255
google-image(0243).jpeg,690,1035,person,190,210,484,1031
20180813_142414294.jpg,1080,1920,knife,404,461,508,957
images (35).jpg,183,275,person,34,12,141,271
google-image(0333).jpeg,240,320,person,133,27,236,320
google-image(0333).jpeg,240,320,person,56,12,144,310
20180813_102011270.jpg,1920,1080,knife,779,16,932,1012
google-image(0531).jpeg,500,615,person,29,22,500,613
20180813_142036031.jpg,1080,1920,knife,490,268,690,1125
20180813_141921196.jpg,1080,1920,knife,483,439,650,1372
google-image(0444).jpeg,600,574,person,296,175,437,574
20180813_142143134.jpg,1080,1920,knife,504,386,650,1200
20180813_102823980.jpg,1080,1920,knife,525,411,783,1322
20180813_102751658.jpg,1080,1920,knife,498,589,677,1343
google-image(0254).jpeg,640,628,person,25,12,614,628
images (41).jpg,183,275,person,67,17,134,275
20180813_103010263.jpg,1080,1920,knife,400,339,640,1232
images (27).jpg,299,168,person,226,44,271,168
images (27).jpg,299,168,person,74,1,143,168
google-image(0207).jpeg,427,640,person,137,110,276,607
images (78).jpg,216,233,person,75,2,156,230
google-image(0200).jpeg,406,818,person,85,1,326,810
google-image(0490).jpeg,682,1023,person,131,14,483,1001
20180813_102549188.jpg,1080,1920,knife,491,711,777,775
20180813_102622237.jpg,1080,1920,knife,30,750,1030,886
20180813_142301189.jpg,1080,1920,knife,279,997,811,1139
20180813_102659151.jpg,1080,1920,knife,380,614,855,736
google-image(0381).jpeg,568,768,person,121,4,477,738
20180813_103031957.jpg,1080,1920,knife,297,622,897,879
20180813_102506814.jpg,1080,1920,knife,216,832,852,954
20180813_141951990.jpg,1080,1920,knife,490,357,672,1293
20180813_103010196.jpg,1080,1920,knife,422,372,593,1232
images (40).jpg,195,259,person,68,27,118,235
20180813_142020607.jpg,1080,1920,knife,529,350,761,1114
20180813_102638128.jpg,1080,1920,knife,127,743,955,854
google-image(0299).jpeg,400,400,person,159,51,238,341
google-image(0299).jpeg,400,400,person,286,123,327,220
google-image(0299).jpeg,400,400,person,254,239,308,373
google-image(0299).jpeg,400,400,person,63,163,109,316
google-image(0299).jpeg,400,400,person,116,288,156,380
20180813_142222044.jpg,1080,1920,knife,222,482,829,939
20180813_142414160.jpg,1080,1920,knife,386,436,515,943
20180813_102111755.jpg,1080,1920,knife,527,554,677,1129
google-image(0530).jpeg,830,487,person,505,7,738,487
20180813_101930456.jpg,1080,1920,knife,434,143,655,1482
20180813_142104829.jpg,1080,1920,knife,493,432,636,1072
20180813_142404860.jpg,1080,1920,knife,225,422,815,1186
20180813_102948815.jpg,1080,1920,knife,433,207,615,1486
20180813_102500966.jpg,1080,1920,knife,102,911,1016,1079
google-image(0122).jpeg,380,570,person,84,9,263,566
google-image(0128).jpeg,440,689,person,102,68,314,689
20180813_102015983.jpg,1080,1920,knife,437,304,666,1379
google-image(0408).jpeg,450,674,person,70,202,420,641
20180813_102130368.jpg,1080,1920,knife,420,197,677,1389
google-image(0418).jpeg,640,955,person,197,170,497,935
20180813_102742443.jpg,1080,1920,knife,252,747,720,1082
20180813_102732034.jpg,1080,1920,knife,198,914,805,1032
20180813_102658976.jpg,1080,1920,knife,395,607,862,714
20180813_102534097.jpg,1080,1920,knife,348,857,848,950
20180813_102755994.jpg,1080,1920,knife,102,622,920,922
20180813_142255866.jpg,1080,1920,knife,225,757,993,1393
20180813_103017066.jpg,1080,1920,knife,418,639,540,1122
20180813_101846665.jpg,1080,1920,knife,377,200,677,1514
20180813_102809253.jpg,1080,1920,knife,580,722,720,1182
20180813_102915204.jpg,1080,1920,knife,86,504,915,1089
google-image(0324).jpeg,320,399,person,95,13,195,398
20180813_142035730.jpg,1080,1920,knife,529,257,700,1093
20180813_102218621.jpg,1080,1920,knife,491,354,705,1522
google-image(0382).jpeg,350,400,person,84,2,266,393
20180813_102205861.jpg,1080,1920,knife,409,475,602,1368
google-image(0351).jpeg,500,749,person,118,29,401,749
20180813_103031758.jpg,1080,1920,knife,233,632,868,857
20180813_102906156.jpg,1080,1920,knife,150,761,833,900
images (2).jpg,183,275,person,36,19,160,265
google-image(0082).jpeg,600,690,person,181,7,388,690
images (64).jpg,189,267,person,11,8,171,262
20180813_142020877.jpg,1080,1920,knife,550,354,790,1168
google-image(0287).jpeg,450,799,person,22,90,424,798
20180813_102910999.jpg,1080,1920,knife,290,457,850,936
20180813_103017017.jpg,1080,1920,knife,411,643,529,1125
20180813_101930204.jpg,1080,1920,knife,384,172,662,1479
20180813_142249694.jpg,1080,1920,knife,272,707,890,1222
20180813_102742767.jpg,1080,1920,knife,291,775,748,1122
20180813_142026913.jpg,1080,1920,knife,540,400,725,1111
google-image(0002).jpeg,350,525,person,89,33,278,516
images (97).jpg,225,225,person,77,86,154,216
google-image(0475).jpeg,374,462,person,136,36,231,337
20180813_102738073.jpg,1080,1920,knife,316,764,884,929
google-image(0035).jpeg,450,600,person,129,22,330,591
20180813_102224396.jpg,1080,1920,knife,520,632,634,1122
20180813_101916528.jpg,1080,1920,knife,395,232,670,1557
20180813_102638328.jpg,1080,1920,knife,127,725,952,864
google-image(0375).jpeg,656,350,person,327,9,459,319
google-image(0375).jpeg,656,350,person,1,25,130,350
google-image(0375).jpeg,656,350,person,122,109,280,350
20180813_101930389.jpg,1080,1920,knife,402,129,666,1493
20180813_102923926.jpg,1080,1920,knife,136,632,925,907
google-image(0076).jpeg,500,663,person,165,37,341,643
20180813_102206024.jpg,1080,1920,knife,470,454,623,1304
20180813_102719741.jpg,1080,1920,knife,502,850,645,1368
20180813_102011318.jpg,1920,1080,knife,765,19,943,1005
20180813_142355728.jpg,1080,1920,knife,129,782,793,964
google-image(0148).jpeg,623,960,person,153,18,442,960
20180813_102224299.jpg,1080,1920,knife,523,643,637,1111
20180813_142405029.jpg,1080,1920,knife,200,475,822,1164
20180813_141921364.jpg,1080,1920,knife,465,429,650,1375
20180813_102805430.jpg,1080,1920,knife,509,479,712,1332
images (6).jpg,183,275,person,52,35,138,268
20180813_102751624.jpg,1080,1920,knife,477,618,673,1332
20180813_102539859.jpg,1080,1920,knife,445,747,802,829
20180813_102747325.jpg,1080,1920,knife,448,682,598,1272
20180813_101916466.jpg,1080,1920,knife,395,247,659,1564
20180813_102948749.jpg,1080,1920,knife,390,225,600,1468
20180813_102938184.jpg,1080,1920,knife,268,668,1004,807
google-image(0370).jpeg,727,1024,person,67,94,358,989
google-image(0006).jpeg,640,958,person,215,197,446,899
20180813_102011483.jpg,1080,1920,knife,52,750,1070,939
20180813_142429915.jpg,1080,1920,knife,272,704,993,872
20180813_142429715.jpg,1080,1920,knife,293,743,990,889
20180813_142222367.jpg,1080,1920,knife,222,472,861,954
20180813_142142937.jpg,1080,1920,knife,475,414,640,1154
20180813_102130267.jpg,1080,1920,knife,384,172,702,1404
images (72).jpg,260,194,person,44,31,122,185
images (72).jpg,260,194,person,183,21,243,184
google-image(0088).jpeg,713,728,person,277,49,461,722
20180813_102823815.jpg,1080,1920,knife,518,443,815,1268
20180813_102130535.jpg,1080,1920,knife,412,200,673,1386
20180813_102016077.jpg,1080,1920,knife,448,300,670,1393
20180813_102003348.jpg,1920,1080,knife,754,48,940,1030
google-image(0182).jpeg,511,800,person,97,27,395,796
20180813_102638194.jpg,1080,1920,knife,148,718,970,861
google-image(0034).jpeg,440,421,person,260,28,393,421
google-image(0047).jpeg,720,960,person,197,47,513,933
20180813_142027012.jpg,1080,1920,knife,525,393,718,1125
20180813_102906093.jpg,1080,1920,knife,154,757,829,904
20180813_142300990.jpg,1080,1920,knife,293,1000,797,1168
images (13).jpg,201,251,person,51,1,120,251
google-image(0046).jpeg,243,450,person,52,40,188,447
20180813_102218688.jpg,1080,1920,knife,484,368,709,1525
google-image(0016).jpeg,450,600,person,160,86,302,577
20180813_142255836.jpg,1080,1920,knife,243,750,990,1447
20180813_102135824.jpg,1080,1920,knife,502,600,627,1129
google-image(0402).jpeg,600,355,person,51,23,158,336
google-image(0402).jpeg,600,355,person,437,14,541,348
google-image(0402).jpeg,600,355,person,226,18,377,334
20180813_102738306.jpg,1080,1920,knife,323,747,841,947
google-image(0274).jpeg,472,750,person,49,15,338,739
google-image(0136).jpeg,342,536,person,63,48,272,532
google-image(0227).jpeg,500,800,person,147,122,361,787
google-image(0467).jpeg,200,200,person,85,37,137,199
google-image(0178).jpeg,525,787,person,119,20,423,787
20180813_142414026.jpg,1080,1920,knife,379,404,497,914
google-image(0297).jpeg,300,450,person,81,1,228,449
20180813_102742684.jpg,1080,1920,knife,266,764,766,1097
google-image(0048).jpeg,600,900,person,162,1,457,888
20180813_102130402.jpg,1080,1920,knife,409,197,666,1393
20180813_102003081.jpg,1920,1080,knife,729,98,932,1048
20180813_103031824.jpg,1080,1920,knife,272,625,893,872
google-image(0282).jpeg,600,600,person,134,3,486,591
20180813_102732068.jpg,1080,1920,knife,237,939,809,1039
20180813_142414243.jpg,1080,1920,knife,390,450,497,932
google-image(0498).jpeg,333,500,person,108,23,251,482
google-image(0369).jpeg,640,515,person,382,26,518,515
20180813_102756126.jpg,1080,1920,knife,105,639,873,918
20180813_102938116.jpg,1080,1920,knife,247,643,993,811
google-image(0248).jpeg,450,299,person,138,55,286,299
20180813_102206058.jpg,1080,1920,knife,477,475,623,1286
20180813_142355932.jpg,1080,1920,knife,158,793,836,982
google-image(0193).jpeg,599,450,person,84,23,310,450
google-image(0193).jpeg,599,450,person,306,95,435,450
20180813_141951824.jpg,1080,1920,knife,497,361,640,1300
20180813_142026728.jpg,1080,1920,knife,515,386,733,1107
20180813_102732317.jpg,1080,1920,knife,198,936,805,1043
20180813_142027044.jpg,1080,1920,knife,533,364,765,1136
20180813_102823861.jpg,1080,1920,knife,522,454,808,1286
google-image(0078).jpeg,500,500,person,182,52,330,489
20180813_102720042.jpg,1080,1920,knife,498,839,616,1379
20180813_102720006.jpg,1080,1920,knife,509,839,620,1404
20180813_101916595.jpg,1080,1920,knife,380,232,677,1582
google-image(0459).jpeg,436,562,person,84,7,233,547
google-image(0459).jpeg,436,562,person,227,9,424,557
20180813_101916511.jpg,1080,1920,knife,398,257,673,1568
20180813_102659012.jpg,1080,1920,knife,402,618,848,725
20180813_141952026.jpg,1080,1920,knife,490,375,672,1289
google-image(0228).jpeg,425,640,person,86,3,354,640
20180813_101916644.jpg,1080,1920,knife,391,239,666,1575
20180813_102910734.jpg,1080,1920,knife,283,411,800,954
google-image(0491).jpeg,670,450,person,13,37,288,449
google-image(0491).jpeg,670,450,person,356,34,619,450
20180813_102738124.jpg,1080,1920,knife,327,736,862,918
20180813_102751759.jpg,1080,1920,knife,459,614,705,1329
20180813_141951881.jpg,1080,1920,knife,504,364,654,1289
google-image(0013).jpeg,720,1081,person,218,249,495,971
20180813_102924060.jpg,1080,1920,knife,175,675,940,904
20180813_142142862.jpg,1080,1920,knife,490,436,643,1161
20180813_142404928.jpg,1080,1920,knife,204,450,818,1168
20180813_142235405.jpg,1080,1920,knife,215,457,975,975
20180813_103021726.jpg,1080,1920,knife,343,789,836,882
20180813_101916711.jpg,1080,1920,knife,387,254,666,1572
20180813_102135858.jpg,1080,1920,knife,502,618,637,1129
20180813_102506873.jpg,1080,1920,knife,216,847,862,968
google-image(0290).jpeg,550,732,person,128,29,371,712
20180813_142249401.jpg,1080,1920,knife,225,754,890,1150
20180813_102755961.jpg,1080,1920,knife,95,589,912,907
20180813_102923892.jpg,1080,1920,knife,161,668,929,904
google-image(0389).jpeg,201,200,person,50,21,140,200
20180813_102915425.jpg,1080,1920,knife,83,500,915,1072
20180813_102719774.jpg,1080,1920,knife,509,843,623,1382
20180813_102915290.jpg,1080,1920,knife,97,504,908,1079
20180813_102906041.jpg,1080,1920,knife,122,725,829,900
google-image(0025).jpeg,200,300,person,47,11,151,286
google-image(0173).jpeg,420,660,person,119,3,300,659
20180813_102549127.jpg,1080,1920,knife,466,711,787,779
google-image(0158).jpeg,310,310,person,31,8,113,295
google-image(0158).jpeg,310,310,person,113,7,189,289
google-image(0158).jpeg,310,310,person,191,6,296,306
20180813_102622170.jpg,1080,1920,knife,34,743,1020,911
images (12).jpg,198,255,person,36,7,125,255
images (60).jpg,190,265,person,33,3,138,260
google-image(0120).jpeg,200,200,person,77,25,128,193
20180813_142235207.jpg,1080,1920,knife,233,429,1008,947
20180813_102923958.jpg,1080,1920,knife,136,632,915,889
google-image(0249).jpeg,500,667,person,173,133,276,500
google-image(0104).jpeg,600,714,person,95,4,466,710
20180813_102500932.jpg,1080,1920,knife,84,918,1012,1061
google-image(0230).jpeg,650,809,person,333,150,536,808
google-image(0230).jpeg,650,809,person,151,152,347,809
20180813_102938149.jpg,1080,1920,knife,258,657,1011,818
20180813_102638229.jpg,1080,1920,knife,134,714,966,864
20180813_102949014.jpg,1080,1920,knife,386,229,611,1479
google-image(0285).jpeg,600,450,person,132,16,487,450
images (46).jpg,196,257,person,38,1,118,257
google-image(0269).jpeg,656,429,person,142,9,423,429
20180813_102906191.jpg,1080,1920,knife,140,750,829,897
google-image(0240).jpeg,200,201,person,70,1,144,201
google-image(0504).jpeg,800,536,person,82,29,402,484
google-image(0504).jpeg,800,536,person,456,29,732,447
images (84).jpg,191,264,person,41,16,137,263
20180813_102818455.jpg,1080,1920,knife,415,500,629,1314
images (1).jpg,285,177,person,114,11,173,171
20180813_142255801.jpg,1080,1920,knife,250,757,993,1418
20180813_103010230.jpg,1080,1920,knife,408,357,615,1250
20180813_102622126.jpg,1080,1920,knife,52,747,1030,893
20180813_103017084.jpg,1080,1920,knife,393,629,540,1125
20180813_141921249.jpg,1080,1920,knife,472,439,654,1379
20180813_102751685.jpg,1080,1920,knife,459,622,709,1336
20180813_102655266.jpg,1080,1920,knife,345,618,998,1136
images (67).jpg,279,180,person,127,16,228,180
20180813_102205794.jpg,1080,1920,knife,395,425,609,1372
20180813_142035697.jpg,1080,1920,knife,522,247,672,1097
google-image(0456).jpeg,400,372,person,33,1,379,372
20180813_141921395.jpg,1080,1920,knife,475,443,654,1357
20180813_142041402.jpg,1080,1920,knife,461,397,615,872
20180813_102742500.jpg,1080,1920,knife,262,754,730,1122
20180813_102054126.jpg,1080,1920,knife,423,357,712,1743
20180813_102218588.jpg,1080,1920,knife,509,364,687,1525
20180813_142405094.jpg,1080,1920,knife,211,468,800,1161
20180813_102818655.jpg,1080,1920,knife,390,514,643,1286
20180813_103031723.jpg,1080,1920,knife,233,593,872,872
images (91).jpg,184,274,person,62,26,134,270
20180813_142235140.jpg,1080,1920,knife,265,439,1000,972
google-image(0440).jpeg,1024,1024,person,244,51,732,1024
20180813_142026763.jpg,1080,1920,knife,529,372,747,1143
20180813_102809287.jpg,1080,1920,knife,573,711,716,1186
20180813_142041601.jpg,1080,1920,knife,468,357,604,861
20180813_102011434.jpg,1920,1080,knife,754,16,936,1019
20180813_142142767.jpg,1080,1920,knife,486,439,608,1161
20180813_102003115.jpg,1920,1080,knife,740,80,940,1041
20180813_142255699.jpg,1080,1920,knife,225,747,990,1425
google-image(0318).jpeg,683,1023,person,243,88,502,980
20180813_101930523.jpg,1080,1920,knife,409,118,695,1464
20180813_102111847.jpg,1080,1920,knife,534,536,677,1132
20180813_142143100.jpg,1080,1920,knife,490,397,629,1197
google-image(0212).jpeg,200,300,person,19,30,197,300
20180813_141921148.jpg,1080,1920,knife,483,447,658,1393
20180813_142405129.jpg,1080,1920,knife,197,464,783,1143
20180813_102015944.jpg,1080,1920,knife,445,311,680,1393
20180813_142041735.jpg,1080,1920,knife,447,325,586,847
google-image(0320).jpeg,656,656,person,411,19,575,656
google-image(0320).jpeg,656,656,person,69,26,286,643
20180813_102805361.jpg,1080,1920,knife,505,418,716,1375
20180813_142235173.jpg,1080,1920,knife,229,418,1000,947
images (90).jpg,275,183,person,44,13,110,179
images (90).jpg,275,183,person,161,21,196,137
google-image(0508).jpeg,600,750,person,259,546,346,750
20180813_102534030.jpg,1080,1920,knife,359,864,837,964
20180813_102756094.jpg,1080,1920,knife,109,668,866,922
images (18).jpg,259,194,person,192,6,250,178
images (18).jpg,259,194,person,140,4,188,178
google-image(0411).jpeg,180,288,person,44,9,134,281
20180813_142429849.jpg,1080,1920,knife,283,736,968,886
images (49).jpg,223,226,person,47,28,159,225
20180813_142036000.jpg,1080,1920,knife,497,264,700,1129
20180813_142020907.jpg,1080,1920,knife,529,364,743,1150
images (33).jpg,194,260,person,64,1,184,260
20180813_102549427.jpg,1080,1920,knife,470,707,766,782
20180813_102809321.jpg,1080,1920,knife,577,718,723,1200
20180813_102732152.jpg,1080,1920,knife,220,939,798,1032
google-image(0114).jpeg,660,800,person,212,67,405,746
20180813_102539721.jpg,1080,1920,knife,430,739,787,822
20180813_102054260.jpg,1080,1920,knife,387,354,712,1754
20180813_142041568.jpg,1080,1920,knife,472,339,604,847
20180813_102824045.jpg,1080,1920,knife,525,450,811,1314
20180813_103021660.jpg,1080,1920,knife,350,789,833,893
20180813_142235288.jpg,1080,1920,knife,229,414,986,979
20180813_142104745.jpg,1080,1920,knife,486,425,625,1054
images (34).jpg,183,275,person,45,5,123,275
20180813_142041470.jpg,1080,1920,knife,497,372,633,882
google-image(0117).jpeg,662,1106,person,181,36,559,1106
images (93).jpg,177,285,person,46,21,133,245
20180813_102938355.jpg,1080,1920,knife,254,664,1004,847
20180813_142020740.jpg,1080,1920,knife,550,364,750,1136
20180813_102638161.jpg,1080,1920,knife,127,714,959,857
20180813_142249626.jpg,1080,1920,knife,283,757,872,1211
google-image(0143).jpeg,568,768,person,150,26,448,720
20180813_101916416.jpg,1080,1920,knife,391,254,655,1561
20180813_102622337.jpg,1080,1920,knife,41,743,1041,889
20180813_102732268.jpg,1080,1920,knife,209,932,802,1043
20180813_102011367.jpg,1920,1080,knife,754,12,940,1012
20180813_102654950.jpg,1080,1920,knife,337,604,970,1125
20180813_142355762.jpg,1080,1920,knife,118,789,800,972
20180813_102747241.jpg,1080,1920,knife,430,682,620,1300
google-image(0257).jpeg,568,800,person,66,38,474,762
google-image(0072).jpeg,479,640,person,139,7,414,614
20180813_102818373.jpg,1080,1920,knife,395,489,641,1304
google-image(0306).jpeg,500,597,person,371,163,459,387
google-image(0306).jpeg,500,597,person,207,187,299,520
google-image(0306).jpeg,500,597,person,47,149,107,280
20180813_102818476.jpg,1080,1920,knife,425,500,625,1336
20180813_102654983.jpg,1080,1920,knife,337,582,987,1193
images (73).jpg,187,270,person,62,10,147,264
images (22).jpg,177,284,person,57,8,123,284
google-image(0004).jpeg,600,899,person,170,63,408,884
20180813_102111915.jpg,1080,1920,knife,530,547,662,1129
google-image(0209).jpeg,440,782,person,8,33,433,781
20180813_102622370.jpg,1080,1920,knife,59,739,1052,886
google-image(0481).jpeg,656,400,person,22,4,151,400
20180813_142301073.jpg,1080,1920,knife,290,1004,811,1150
20180813_102732205.jpg,1080,1920,knife,205,918,805,1047
20180813_102011517.jpg,1080,1920,knife,30,754,1059,964
20180813_102756294.jpg,1080,1920,knife,120,682,866,947
google-image(0413).jpeg,607,610,person,163,6,311,592
20180813_103032058.jpg,1080,1920,knife,275,618,893,904
google-image(0392).jpeg,224,409,person,38,12,201,401
google-image(0366).jpeg,640,960,person,55,49,343,960
google-image(0366).jpeg,640,960,person,313,58,573,960
20180813_142249526.jpg,1080,1920,knife,293,750,875,1211
google-image(0108).jpeg,600,800,person,93,30,480,793
20180813_102135724.jpg,1080,1920,knife,512,614,620,1132
20180813_102218553.jpg,1080,1920,knife,477,364,709,1532
google-image(0315).jpeg,425,600,person,62,50,370,514
images (68).jpg,194,259,person,48,5,137,223
20180813_102738274.jpg,1080,1920,knife,334,754,837,936
20180813_103017233.jpg,1080,1920,knife,422,654,540,1129
images (5).jpg,194,259,person,61,7,150,256
20180813_102742633.jpg,1080,1920,knife,259,764,752,1111
20180813_102809224.jpg,1080,1920,knife,587,718,720,1175
20180813_102809121.jpg,1080,1920,knife,577,725,734,1197
20180813_103010033.jpg,1080,1920,knife,429,347,593,1236
20180813_102818620.jpg,1080,1920,knife,397,504,650,1322
20180813_103021540.jpg,1080,1920,knife,354,782,822,907
google-image(0524).jpeg,480,640,person,256,26,480,628
google-image(0524).jpeg,480,640,person,20,6,221,640
20180813_102756227.jpg,1080,1920,knife,98,664,859,925
20180813_102923859.jpg,1080,1920,knife,136,632,947,925
google-image(0430).jpeg,736,936,person,246,55,465,919
images.jpg,233,216,person,66,4,177,209
20180813_102540056.jpg,1080,1920,knife,420,725,791,825
google-image(0358).jpeg,400,600,person,58,1,346,596
20180813_142355794.jpg,1080,1920,knife,100,782,804,957
20180813_102742602.jpg,1080,1920,knife,280,772,734,1114
20180813_102533864.jpg,1080,1920,knife,352,861,841,954
20180813_142301223.jpg,1080,1920,knife,290,1000,793,1139
20180813_102923826.jpg,1080,1920,knife,158,661,922,914
20180813_141952057.jpg,1080,1920,knife,479,357,708,1286
20180813_142142963.jpg,1080,1920,knife,486,425,640,1157
20180813_103010130.jpg,1080,1920,knife,393,354,579,1236
images (44).jpg,171,295,person,40,26,120,260
20180813_102003215.jpg,1920,1080,knife,740,73,929,1034
google-image(0063).jpeg,450,600,person,125,2,331,568
20180813_102506642.jpg,1080,1920,knife,234,839,852,954
20180813_102016043.jpg,1080,1920,knife,459,311,652,1368
20180813_102923759.jpg,1080,1920,knife,111,664,933,911
google-image(0286).jpeg,450,600,person,134,82,293,587
images (63).jpg,184,274,person,40,23,130,266
20180813_102506674.jpg,1080,1920,knife,216,839,855,964
20180813_102549322.jpg,1080,1920,knife,459,722,777,782
google-image(0405).jpeg,608,960,person,188,160,413,932
google-image(0284).jpeg,396,628,person,112,24,325,622
20180813_102224221.jpg,1080,1920,knife,505,622,641,1111
20180813_142222281.jpg,1080,1920,knife,233,475,847,961
images (77).jpg,190,265,person,52,7,141,260
google-image(0307).jpeg,520,757,person,127,25,380,738
20180813_142041524.jpg,1080,1920,knife,493,361,615,843
20180813_102906123.jpg,1080,1920,knife,140,761,818,918
google-image(0345).jpeg,377,551,person,93,3,287,549
20180813_102130568.jpg,1080,1920,knife,359,204,687,1400
20180813_102638049.jpg,1080,1920,knife,127,725,973,843
20180813_142235341.jpg,1080,1920,knife,183,422,965,982
google-image(0376).jpeg,450,329,person,159,12,327,328
google-image(0186).jpeg,568,768,person,24,16,536,677
images (57).jpg,285,177,person,45,44,81,171
images (57).jpg,285,177,person,187,13,248,168
20180813_102016111.jpg,1080,1920,knife,452,314,652,1372
images (98).jpg,202,250,person,50,2,155,245
images (36).jpg,165,305,person,13,5,118,261
20180813_102054342.jpg,1080,1920,knife,398,354,730,1761
20180813_102130333.jpg,1080,1920,knife,412,157,691,1400
20180813_102003048.jpg,1920,1080,knife,715,69,918,1062
20180813_102910965.jpg,1080,1920,knife,297,443,804,929
20180813_142429815.jpg,1080,1920,knife,283,718,975,889
20180813_102218658.jpg,1080,1920,knife,495,357,712,1529
20180813_142026978.jpg,1080,1920,knife,533,393,733,1122
images (30).jpg,193,262,person,65,17,141,262
images (51).jpg,216,233,person,62,4,170,233
20180813_103021500.jpg,1080,1920,knife,354,786,818,907
20180813_102501231.jpg,1080,1920,knife,127,932,1009,1064
20180813_103016992.jpg,1080,1920,knife,411,657,547,1139
google-image(0083).jpeg,805,630,person,397,24,718,630
20180813_102054209.jpg,1080,1920,knife,391,375,716,1761
google-image(0332).jpeg,429,800,person,8,11,429,788
20180813_142255965.jpg,1080,1920,knife,279,782,979,1397
google-image(0425).jpeg,593,798,person,187,128,415,755
20180813_102751950.jpg,1080,1920,knife,484,611,716,1350
google-image(0246).jpeg,400,523,person,69,22,328,516
google-image(0052).jpeg,350,525,person,84,18,277,501
google-image(0237).jpeg,440,440,person,3,4,143,438
google-image(0237).jpeg,440,440,person,152,1,284,440
google-image(0237).jpeg,440,440,person,299,1,431,440
google-image(0424).jpeg,318,469,person,153,50,272,462
images (24).jpg,186,271,person,47,5,133,271
google-image(0450).jpeg,553,346,person,23,4,235,346
google-image(0450).jpeg,553,346,person,210,4,430,346
20180813_102809355.jpg,1080,1920,knife,573,700,712,1182
google-image(0512).jpeg,180,288,person,30,3,126,279
images (31).jpg,255,198,person,149,5,235,198
images (31).jpg,255,198,person,22,15,101,198
20180813_102915261.jpg,1080,1920,knife,93,511,933,1093
20180813_102111716.jpg,1080,1920,knife,512,547,673,1125
20180813_102938417.jpg,1080,1920,knife,258,675,1004,847
20180813_142235374.jpg,1080,1920,knife,225,422,950,975
20180813_102501071.jpg,1080,1920,knife,112,939,1012,1072
20180813_102218524.jpg,1080,1920,knife,487,357,695,1514
google-image(0012).jpeg,600,781,person,208,13,411,776
20180813_102135690.jpg,1080,1920,knife,491,607,627,1136
20180813_102938318.jpg,1080,1920,knife,265,657,1008,829
google-image(0236).jpeg,600,450,person,367,10,508,444
google-image(0236).jpeg,600,450,person,12,2,285,449
google-image(0436).jpeg,443,656,person,77,174,408,607
20180813_102659111.jpg,1080,1920,knife,395,611,845,729
20180813_142235104.jpg,1080,1920,knife,261,432,1004,954
20180813_103017118.jpg,1080,1920,knife,404,643,550,1122
images (70).jpg,201,251,person,39,6,167,249
google-image(0206).jpeg,400,575,person,91,49,353,571
google-image(0037).jpeg,640,360,person,129,1,269,360
20180813_102011233.jpg,1920,1080,knife,772,9,947,1009
google-image(0486).jpeg,639,480,person,210,77,363,480
google-image(0486).jpeg,639,480,person,56,51,217,480
20180813_142020639.jpg,1080,1920,knife,561,357,743,1147
20180813_142035832.jpg,1080,1920,knife,511,232,711,1122
google-image(0141).jpeg,800,1200,person,217,24,613,1179
20180813_102533964.jpg,1080,1920,knife,348,861,830,954
20180813_142104712.jpg,1080,1920,knife,486,439,633,1072
20180813_142355632.jpg,1080,1920,knife,125,750,790,925
20180813_103031790.jpg,1080,1920,knife,254,622,893,850
20180813_102948781.jpg,1080,1920,knife,397,214,618,1318
20180813_102539960.jpg,1080,1920,knife,445,750,791,829
20180813_103031691.jpg,1080,1920,knife,254,614,883,854
images (38).jpg,194,259,person,64,1,159,259
20180813_102638361.jpg,1080,1920,knife,105,729,980,857
20180813_142035795.jpg,1080,1920,knife,511,247,690,1114
google-image(0157).jpeg,351,478,person,114,23,291,478
20180813_102054295.jpg,1080,1920,knife,402,368,737,1761
google-image(0044).jpeg,347,600,person,90,53,240,548
20180813_102135559.jpg,1080,1920,knife,470,607,637,1132
google-image(0003).jpeg,209,300,person,74,27,150,290
google-image(0099).jpeg,720,959,person,169,45,437,950
google-image(0550).jpeg,656,429,person,100,49,239,423
google-image(0550).jpeg,656,429,person,355,21,620,421
google-image(0010).jpeg,720,720,person,349,20,597,719
20180813_141951957.jpg,1080,1920,knife,475,375,679,1322
20180813_102622054.jpg,1080,1920,knife,30,739,1005,900
google-image(0395).jpeg,500,667,person,190,16,441,667
20180813_142355861.jpg,1080,1920,knife,143,797,825,982
20180813_102938267.jpg,1080,1920,knife,254,647,1029,822
20180813_102016143.jpg,1080,1920,knife,452,307,645,1393
20180813_102622104.jpg,1080,1920,knife,30,750,1023,900
20180813_102938454.jpg,1080,1920,knife,247,647,993,825
20180813_102719708.jpg,1080,1920,knife,512,829,620,1364
20180813_102818587.jpg,1080,1920,knife,408,504,636,1307
20180813_102824112.jpg,1080,1920,knife,518,425,800,1343
20180813_103021831.jpg,1080,1920,knife,358,786,822,893
20180813_102906065.jpg,1080,1920,knife,140,772,879,904
20180813_102654916.jpg,1080,1920,knife,330,589,970,1139
google-image(0189).jpeg,500,301,person,233,12,427,300
google-image(0547).jpeg,180,288,person,39,19,141,280
google-image(0226).jpeg,597,800,person,199,64,446,781
20180813_102756197.jpg,1080,1920,knife,112,657,884,922
google-image(0112).jpeg,480,480,person,190,63,378,470
20180813_102719808.jpg,1080,1920,knife,491,850,641,1364
images (55).jpg,183,275,person,49,32,155,274
20180813_102738197.jpg,1080,1920,knife,341,739,852,939
google-image(0234).jpeg,480,360,person,97,74,168,301
google-image(0234).jpeg,480,360,person,287,1,470,360
google-image(0386).jpeg,370,507,person,90,16,270,489
google-image(0133).jpeg,634,410,person,219,55,598,410
20180813_102948914.jpg,1080,1920,knife,393,222,608,1475
google-image(0028).jpeg,218,278,person,30,1,183,278
google-image(0356).jpeg,682,1023,person,29,88,527,978
20180813_102923793.jpg,1080,1920,knife,161,664,936,914
google-image(0041).jpeg,500,498,person,325,94,442,458
google-image(0041).jpeg,500,498,person,51,125,228,431
20180813_102533899.jpg,1080,1920,knife,348,864,841,961
google-image(0140).jpeg,568,800,person,123,10,456,775
20180813_142355963.jpg,1080,1920,knife,143,807,897,975
20180813_102501180.jpg,1080,1920,knife,95,911,1023,1068
20180813_102910765.jpg,1080,1920,knife,279,418,804,947
20180813_102938084.jpg,1080,1920,knife,233,650,1022,797
20180813_102003181.jpg,1920,1080,knife,747,52,911,1044
google-image(0159).jpeg,470,552,person,133,31,284,518
google-image(0144).jpeg,434,570,person,8,6,434,547
google-image(0277).jpeg,353,600,person,73,97,242,600
google-image(0011).jpeg,300,430,person,45,3,221,430
google-image(0474).jpeg,1024,640,person,727,36,954,640
images (7).jpg,187,269,person,54,23,162,269
20180813_142414193.jpg,1080,1920,knife,390,432,497,932
20180813_102824079.jpg,1080,1920,knife,518,407,818,1297
20180813_141952123.jpg,1080,1920,knife,483,339,711,1304
google-image(0275).jpeg,200,200,person,71,8,143,200
20180813_142035662.jpg,1080,1920,knife,522,250,700,1111
20180813_102549391.jpg,1080,1920,knife,466,729,770,782
google-image(0092).jpeg,640,427,person,66,6,493,420
20180813_102011350.jpg,1920,1080,knife,750,19,940,1027
google-image(0214).jpeg,600,902,person,36,22,542,901
google-image(0073).jpeg,200,200,person,53,1,143,200
google-image(0009).jpeg,165,236,person,57,18,114,223
20180813_142255772.jpg,1080,1920,knife,236,743,986,1450
google-image(0378).jpeg,600,800,person,122,83,306,800
google-image(0378).jpeg,600,800,person,294,85,483,800
20180813_102809422.jpg,1080,1920,knife,591,722,712,1186
google-image(0387).jpeg,365,535,person,116,8,303,523
20180813_102506740.jpg,1080,1920,knife,237,854,841,954
20180813_102915391.jpg,1080,1920,knife,97,514,915,1079
google-image(0201).jpeg,500,375,person,7,22,244,375
images (86).jpg,194,259,person,45,4,95,259
images (86).jpg,194,259,person,99,10,156,259
20180813_102910701.jpg,1080,1920,knife,297,436,800,972
20180813_142222311.jpg,1080,1920,knife,218,475,836,964
google-image(0534).jpeg,720,960,person,41,6,687,960
20180813_142255666.jpg,1080,1920,knife,215,736,997,1436
20180813_102746992.jpg,1080,1920,knife,416,697,623,1286
20180813_142300940.jpg,1080,1920,knife,304,1000,790,1172
20180813_102501016.jpg,1080,1920,knife,105,918,1016,1075
google-image(0541).jpeg,597,784,person,84,35,491,784
20180813_102218726.jpg,1080,1920,knife,487,339,698,1507
20180813_102751559.jpg,1080,1920,knife,470,632,702,1307
google-image(0447).jpeg,532,800,person,147,61,347,775
google-image(0500).jpeg,333,521,person,25,3,245,521
20180813_102549221.jpg,1080,1920,knife,491,714,780,779
google-image(0057).jpeg,568,800,person,108,7,519,777
images (9).jpg,183,275,person,44,3,130,262
20180813_102506707.jpg,1080,1920,knife,237,850,855,964
20180813_102015911.jpg,1080,1920,knife,448,307,666,1372
20180813_102719873.jpg,1080,1920,knife,498,847,623,1386
20180813_142222094.jpg,1080,1920,knife,179,475,804,943
google-image(0154).jpeg,350,525,person,62,32,327,496
google-image(0165).jpeg,480,480,person,163,1,341,480
google-image(0191).jpeg,683,1023,person,137,88,565,995
20180813_102135791.jpg,1080,1920,knife,487,600,627,1132
20180813_142429782.jpg,1080,1920,knife,261,747,1000,875
20180813_102224361.jpg,1080,1920,knife,509,643,637,1122
20180813_102805384.jpg,1080,1920,knife,534,450,734,1379
google-image(0166).jpeg,640,401,person,109,38,491,401
google-image(0194).jpeg,418,554,person,93,9,317,554
google-image(0364).jpeg,756,960,person,241,184,511,932
20180813_142355831.jpg,1080,1920,knife,104,779,808,972
20180813_101930288.jpg,1080,1920,knife,395,143,691,1493
20180813_142222178.jpg,1080,1920,knife,208,493,825,954
20180813_102910866.jpg,1080,1920,knife,283,429,790,947
google-image(0164).jpeg,535,350,person,152,48,232,347
google-image(0164).jpeg,535,350,person,316,55,395,344
20180813_102751818.jpg,1080,1920,knife,495,618,680,1343
20180813_142300959.jpg,1080,1920,knife,290,982,786,1182
20180813_102823945.jpg,1080,1920,knife,493,407,808,1314
20180813_102506841.jpg,1080,1920,knife,220,850,848,954
20180813_102738173.jpg,1080,1920,knife,323,722,848,947
google-image(0027).jpeg,440,423,person,253,21,390,423
google-image(0360).jpeg,748,531,person,208,70,368,513
20180813_142142796.jpg,1080,1920,knife,490,454,597,1139
google-image(0426).jpeg,440,393,person,217,35,283,344
google-image(0426).jpeg,440,393,person,29,25,101,351
google-image(0426).jpeg,440,393,person,346,39,410,371
google-image(0426).jpeg,440,393,person,142,21,212,358
google-image(0426).jpeg,440,393,person,274,34,336,360
images (85).jpg,183,276,person,53,6,129,275
20180813_142301154.jpg,1080,1920,knife,275,997,804,1157
google-image(0161).jpeg,630,630,person,259,59,456,630
google-image(0024).jpeg,400,600,person,197,162,339,574
google-image(0266).jpeg,680,1024,person,150,31,547,1022
google-image(0445).jpeg,200,200,person,49,75,82,184
google-image(0445).jpeg,200,200,person,134,76,167,181
google-image(0539).jpeg,426,640,person,157,138,302,599
images (89).jpg,228,221,person,68,23,142,216
google-image(0509).jpeg,502,573,person,121,13,378,556
images (21).jpg,189,267,person,46,28,124,267
google-image(0032).jpeg,800,1200,person,215,98,600,1135
20180813_102111619.jpg,1080,1920,knife,523,543,684,1129
google-image(0029).jpeg,720,1146,person,151,23,607,1146
20180813_102054098.jpg,1080,1920,knife,384,336,766,1768
20180813_142026828.jpg,1080,1920,knife,533,407,722,1114
images (48).jpg,197,256,person,41,1,163,256
20180813_102719912.jpg,1080,1920,knife,502,850,627,1364
google-image(0096).jpeg,350,525,person,79,9,266,519
20180813_102915324.jpg,1080,1920,knife,90,514,922,1086
20180813_101930257.jpg,1080,1920,knife,373,150,684,1479
20180813_142404961.jpg,1080,1920,knife,211,479,818,1172
20180813_102224484.jpg,1080,1920,knife,534,636,630,1122
images (43).jpg,183,275,person,43,10,133,267
20180813_102540004.jpg,1080,1920,knife,441,747,795,822
20180813_102533930.jpg,1080,1920,knife,330,854,845,950
20180813_102910932.jpg,1080,1920,knife,268,425,822,932
20180813_102054393.jpg,1080,1920,knife,391,354,727,1754
20180813_142249461.jpg,1080,1920,knife,258,757,854,1189
20180813_102622403.jpg,1080,1920,knife,45,729,1045,900
20180813_102501216.jpg,1080,1920,knife,137,932,991,1057
google-image(0149).jpeg,500,750,person,79,26,454,750
20180813_102534132.jpg,1080,1920,knife,345,857,845,957
20180813_102205961.jpg,1080,1920,knife,445,464,630,1325
google-image(0017).jpeg,440,716,person,87,7,319,715
20180813_141951857.jpg,1080,1920,knife,493,372,650,1300
20180813_102111819.jpg,1080,1920,knife,523,547,659,1136
google-image(0215).jpeg,425,600,person,50,21,402,572
20180813_101930355.jpg,1080,1920,knife,395,150,652,1489
20180813_102915464.jpg,1080,1920,knife,100,511,915,1122
images (62).jpg,160,315,person,37,19,143,309
google-image(0434).jpeg,200,200,person,80,47,129,200
20180813_142104928.jpg,1080,1920,knife,493,432,629,1054
google-image(0056).jpeg,424,624,person,96,64,305,623
google-image(0334).jpeg,640,435,person,122,1,496,435
20180813_102906223.jpg,1080,1920,knife,147,772,825,900
google-image(0336).jpeg,485,524,person,167,49,313,499
google-image(0069).jpeg,1024,1024,person,350,9,669,997
20180813_142104780.jpg,1080,1920,knife,490,443,643,1057
20180813_102948881.jpg,1080,1920,knife,408,197,611,1461
20180813_141921296.jpg,1080,1920,knife,465,425,650,1368
images (59).jpg,193,262,person,60,19,136,243
google-image(0529).jpeg,800,500,person,462,13,734,500
images (53).jpg,194,259,person,65,22,119,259
20180813_102539822.jpg,1080,1920,knife,427,750,798,832
20180813_102003315.jpg,1920,1080,knife,747,52,936,1027
20180813_102809153.jpg,1080,1920,knife,570,718,720,1189
20180813_102501048.jpg,1080,1920,knife,116,911,1016,1089
20180813_102756164.jpg,1080,1920,knife,109,647,884,897
images (25).jpg,177,284,person,48,6,118,277
20180813_102130433.jpg,1080,1920,knife,409,179,691,1393
20180813_102738323.jpg,1080,1920,knife,316,772,848,939
google-image(0352).jpeg,180,288,person,39,15,135,284
google-image(0502).jpeg,500,500,person,135,169,249,484
images (26).jpg,194,259,person,69,13,171,253
images (50).jpg,179,282,person,33,3,136,267
20180813_102742802.jpg,1080,1920,knife,277,782,770,1132
google-image(0518).jpeg,333,500,person,125,27,250,485
20180813_103021626.jpg,1080,1920,knife,358,779,804,904
20180813_102003148.jpg,1920,1080,knife,743,80,936,1052
20180813_102751884.jpg,1080,1920,knife,477,622,712,1332
images (17).jpg,198,255,person,47,6,158,254
google-image(0505).jpeg,580,869,person,85,28,217,430
google-image(0505).jpeg,580,869,person,357,39,500,433
google-image(0505).jpeg,580,869,person,361,463,492,850
google-image(0505).jpeg,580,869,person,84,456,226,866
images (3).jpg,231,218,person,67,2,147,218
